{
    "setting": {},
    "condition": {
        "plugin": {
            "list": []
        },
        "game": {
            "list": []
        },
        "gamePlugin": {
            "list": []
        },
        "miniprogram": {
            "list": [
                {
                    "name": "",
                    "pathName": "pages/index/index",
                    "query": "",
                    "scene": null
                },
                {
                    "name": "",
                    "pathName": "pages/lucky-turntable/lucky-turntable",
                    "query": "",
                    "scene": null
                },
                {
                    "name": "",
                    "pathName": "pages/blessing/blessing",
                    "query": "",
                    "scene": null
                }
            ]
        }
    }
}